,x,low,med,hi
0,-4.98998998998999,0.00011988398014814093,0.0,0.0
1,-4.97997997997998,0.00018981630190122314,0.0,0.0
2,-4.96996996996997,0.00014985497518517617,0.0,0.0
3,-4.95995995995996,0.00016983563854319964,0.0,0.0
4,-4.94994994994995,0.00014985497518517617,0.0,0.0
5,-4.93993993993994,0.00014985497518517617,0.0,0.0
6,-4.92992992992993,0.0001998066335802349,0.0,0.0
7,-4.91991991991992,0.00010989364846912918,0.0,0.0
8,-4.90990990990991,0.0002797292870123288,9.9900039960016e-06,0.0
9,-4.8998998998999,0.00022977762861727013,0.0,0.0
10,-4.88988988988989,0.00020979696525924663,0.0,0.0
11,-4.87987987987988,0.0001998066335802349,0.0,0.0
12,-4.86986986986987,0.00021978729693825837,0.0,0.0
13,-4.85985985985986,0.00020979696525924663,0.0,0.0
14,-4.84984984984985,0.0001798259702222114,9.9900039960016e-06,0.0
15,-4.83983983983984,0.0002497582919752936,9.9900039960016e-06,0.0
16,-4.82982982982983,0.0002797292870123288,0.0,0.0
17,-4.81981981981982,0.00021978729693825837,0.0,0.0
18,-4.80980980980981,0.0002697389553333171,0.0,0.0
19,-4.7997997997998,0.0002497582919752936,9.9900039960016e-06,0.0
20,-4.78978978978979,0.00022977762861727013,0.0,0.0
21,-4.77977977977978,0.0003596519404444228,0.0,0.0
22,-4.76976976976977,0.00029970995037035235,2.99700119880048e-05,0.0
23,-4.75975975975976,0.00023976796029628186,0.0,0.0
24,-4.74974974974975,0.0003996132671604698,0.0,0.0
25,-4.73973973973974,0.00038962293548145804,9.9900039960016e-06,0.0
26,-4.72972972972973,0.0003796326038024463,0.0,0.0
27,-4.71971971971972,0.0005294875789876224,9.9900039960016e-06,0.0
28,-4.70970970970971,0.00046954558891355196,0.0,0.0
29,-4.6996996996997,0.0003396712770863993,0.0,0.0
30,-4.68968968968969,0.0003696422721234345,0.0,0.0
31,-4.67967967967968,0.0005794392373826812,9.9900039960016e-06,0.0
32,-4.66966966966967,0.00045955525723454026,9.9900039960016e-06,0.0
33,-4.65965965965966,0.0005194972473086107,0.0,0.0
34,-4.64964964964965,0.0006094102324197164,0.0,0.0
35,-4.63963963963964,0.0005394779106666342,0.0,0.0
36,-4.62962962962963,0.000429584262197505,0.0,0.0
37,-4.61961961961962,0.0005394779106666342,0.0,0.0
38,-4.60960960960961,0.0006094102324197164,9.9900039960016e-06,0.0
39,-4.5995995995996,0.0005894295690616929,0.0,0.0
40,-4.58958958958959,0.0006393812274567516,9.9900039960016e-06,0.0
41,-4.57957957957958,0.0005994199007407047,9.9900039960016e-06,0.0
42,-4.56956956956957,0.0007892362026419278,9.9900039960016e-06,0.0
43,-4.55955955955956,0.0006993232175308221,0.0,0.0
44,-4.54954954954955,0.0007193038808888456,9.9900039960016e-06,0.0
45,-4.53953953953954,0.0007093135492098338,0.0,0.0
46,-4.52952952952953,0.0007892362026419278,9.9900039960016e-06,0.0
47,-4.51951951951952,0.0008791491877530335,9.9900039960016e-06,0.0
48,-4.50950950950951,0.000979052504543151,0.0,0.0
49,-4.4994994994995,0.00085916852439501,9.9900039960016e-06,0.0
50,-4.48948948948949,0.0007692555392839044,1.99800079920032e-05,0.0
51,-4.47947947947948,0.000899129851111057,1.99800079920032e-05,0.0
52,-4.46946946946947,0.0009690621728641392,9.9900039960016e-06,0.0
53,-4.45945945945946,0.001019013831259198,1.99800079920032e-05,0.0
54,-4.44944944944945,0.0011089268163703037,2.99700119880048e-05,0.0
55,-4.43943943943944,0.0009990331679011744,1.99800079920032e-05,0.0
56,-4.42942942942943,0.0009990331679011744,9.9900039960016e-06,0.0
57,-4.41941941941942,0.0010489848262962332,5.99400239760096e-05,0.0
58,-4.40940940940941,0.0011488881430863505,0.0,9.990326683682556e-06
59,-4.3993993993994,0.0011089268163703037,2.99700119880048e-05,0.0
60,-4.38938938938939,0.0013387044449875737,2.99700119880048e-05,0.0
61,-4.37937937937938,0.0011189171480493153,9.9900039960016e-06,0.0
62,-4.36936936936937,0.0014885594201727499,6.99300279720112e-05,0.0
63,-4.35935935935936,0.0015385110785678087,9.9900039960016e-06,0.0
64,-4.34934934934935,0.0013187237816295503,3.99600159840064e-05,0.0
65,-4.33933933933934,0.001568482073604844,1.99800079920032e-05,0.0
66,-4.32932932932933,0.0017483080438270553,1.99800079920032e-05,0.0
67,-4.31931931931932,0.0014885594201727499,6.99300279720112e-05,0.0
68,-4.3093093093093096,0.0017083467171110083,1.99800079920032e-05,0.0
69,-4.2992992992992995,0.0018681920239751963,2.99700119880048e-05,0.0
70,-4.2892892892892895,0.0018482113606171726,3.99600159840064e-05,0.0
71,-4.2792792792792795,0.001838221028938161,3.99600159840064e-05,0.0
72,-4.2692692692692695,0.0019381243457282783,1.99800079920032e-05,0.0
73,-4.2592592592592595,0.0019481146774072901,5.99400239760096e-05,0.0
74,-4.2492492492492495,0.0019381243457282783,6.99300279720112e-05,0.0
75,-4.2392392392392395,0.002227843964419619,6.99300279720112e-05,0.0
76,-4.2292292292292295,0.002277795622814678,9.9900039960016e-06,0.0
77,-4.2192192192192195,0.002277795622814678,3.99600159840064e-05,0.0
78,-4.2092092092092095,0.002617466899901077,7.99200319680128e-05,0.0
79,-4.1991991991991995,0.0023177569495307247,9.9900039960016e-05,0.0
80,-4.1891891891891895,0.002447631261357877,8.99100359640144e-05,0.0
81,-4.1791791791791795,0.002377698939604795,5.99400239760096e-05,0.0
82,-4.1691691691691695,0.0026274572315800886,9.9900039960016e-06,0.0
83,-4.1591591591591595,0.0028472445285183472,6.99300279720112e-05,0.0
84,-4.1491491491491495,0.0028672251918763704,8.99100359640144e-05,0.0
85,-4.1391391391391394,0.0027873025384442768,5.99400239760096e-05,0.0
86,-4.129129129129129,0.0029871091720245118,7.99200319680128e-05,0.0
87,-4.119119119119119,0.002857234860197359,7.99200319680128e-05,0.0
88,-4.109109109109109,0.003326780449110911,7.99200319680128e-05,0.0
89,-4.099099099099099,0.0032968094540738757,5.99400239760096e-05,0.0
90,-4.089089089089089,0.0033467611124689345,4.9950019980008e-05,0.0
91,-4.079079079079079,0.0037263937162713805,0.0001098900439560176,0.0
92,-4.069069069069069,0.0034966160876541107,5.99400239760096e-05,0.0
93,-4.059059059059059,0.0035665484094071927,0.0001098900439560176,0.0
94,-4.049049049049049,0.0034166934342220166,0.0001298700519480208,0.0
95,-4.039039039039039,0.003796326038024463,7.99200319680128e-05,0.0
96,-4.029029029029029,0.0036165000678022516,9.9900039960016e-05,0.0
97,-4.019019019019019,0.004155977978468886,0.0001198800479520192,0.0
98,-4.009009009009009,0.0045256202505923205,0.0001398600559440224,0.0
99,-3.998998998998999,0.004425716933802203,0.0001398600559440224,0.0
100,-3.988988988988989,0.00446567826051825,7.99200319680128e-05,0.0
101,-3.978978978978979,0.004945214181110814,0.0001298700519480208,0.0
102,-3.968968968968969,0.005105059487975001,0.0001198800479520192,0.0
103,-3.958958958958959,0.0049052528543947664,0.00024975009990004,0.0
104,-3.948948948948949,0.004965194844468837,0.000149850059940024,0.0
105,-3.938938938938939,0.004975185176147849,0.0001798200719280288,0.0
106,-3.928928928928929,0.0056145664036046,0.0001698300679320272,0.0
107,-3.918918918918919,0.005424750101703377,0.0001398600559440224,0.0
108,-3.908908908908909,0.005584595408567565,0.0001898100759240304,0.0
109,-3.898898898898899,0.005354817779950295,0.0001798200719280288,0.0
110,-3.888888888888889,0.006104092655876176,0.0002197800879120352,9.990326683682556e-06
111,-3.878878878878879,0.0063538509478514695,0.0002597401038960416,9.990326683682556e-06
112,-3.868868868868869,0.0061240733192342,0.00024975009990004,0.0
113,-3.858858858858859,0.006733483551653915,0.0002097900839160336,9.990326683682556e-06
114,-3.848848848848849,0.006563647913110716,0.00024975009990004,0.0
115,-3.838838838838839,0.0066235899031847865,0.0002797201118880448,0.0
116,-3.828828828828829,0.007372864779110667,0.0002697301078920432,0.0
117,-3.818818818818819,0.007482758427579796,0.0002197800879120352,0.0
118,-3.808808808808809,0.007612632739406949,0.0003696301478520592,9.990326683682556e-06
119,-3.798798798798799,0.007742507051234102,0.0002697301078920432,0.0
120,-3.7887887887887888,0.007872381363061254,0.0002097900839160336,0.0
121,-3.7787787787787788,0.008631646570666148,0.0003196801278720512,9.990326683682556e-06
122,-3.7687687687687688,0.008911375857678476,0.0002797201118880448,1.9980653367365113e-05
123,-3.7587587587587588,0.008641636902345158,0.0003796201518480608,0.0
124,-3.7487487487487487,0.009241056803085863,0.0004395601758240704,0.0
125,-3.7387387387387387,0.008691588560740218,0.0003596401438560576,0.0
126,-3.7287287287287287,0.009550757085135227,0.0002797201118880448,0.0
127,-3.7187187187187187,0.00996036068397471,0.0002397600959040384,9.990326683682556e-06
128,-3.7087087087087087,0.010320012624419133,0.000349650139860056,0.0
129,-3.6986986986986987,0.010739606554937626,0.0004095901638360656,0.0
130,-3.6886886886886887,0.01070963555990059,0.0004295701718280688,9.990326683682556e-06
131,-3.6786786786786787,0.010779567881653672,0.0004195801678320672,0.0
132,-3.6686686686686687,0.011438929772468447,0.0004295701718280688,0.0
133,-3.6586586586586587,0.01150886209422153,0.0004795201918080768,0.0
134,-3.6486486486486487,0.012208185311752351,0.0007692303076921232,9.990326683682556e-06
135,-3.6386386386386387,0.011948436688098047,0.0004895101958040784,0.0
136,-3.6286286286286287,0.01276764388577701,0.00074925029970012,1.9980653367365113e-05
137,-3.6186186186186187,0.01282758587585108,0.000599400239760096,0.0
138,-3.6086086086086087,0.012627779242270844,0.0006093902437560976,1.9980653367365113e-05
139,-3.5985985985985987,0.013217208811332537,0.0007292702917081168,1.9980653367365113e-05
140,-3.5885885885885886,0.013187237816295503,0.0005894102357640944,9.990326683682556e-06
141,-3.5785785785785786,0.014256203305949759,0.000699300279720112,0.0
142,-3.5685685685685686,0.014366096954418888,0.0006093902437560976,9.990326683682556e-06
143,-3.5585585585585586,0.014695777899826276,0.0007092902837161135,1.9980653367365113e-05
144,-3.5485485485485486,0.015105381498665757,0.0007292702917081168,0.0
145,-3.5385385385385386,0.01517531382041884,0.0008091903236761296,9.990326683682556e-06
146,-3.5285285285285286,0.01688366053752985,0.0007592403036961216,2.9970980051047667e-05
147,-3.5185185185185186,0.01591459836466571,0.0007592403036961216,9.990326683682556e-06
148,-3.5085085085085086,0.01655397959212246,0.0007592403036961216,1.9980653367365113e-05
149,-3.4984984984984986,0.017712858066887823,0.0008191803276721312,1.9980653367365113e-05
150,-3.4884884884884886,0.017962616358863117,0.0010689304275721713,2.9970980051047667e-05
151,-3.4784784784784786,0.01800257768557916,0.0008691303476521392,1.9980653367365113e-05
152,-3.4684684684684686,0.0194811467740729,0.000949050379620152,1.9980653367365113e-05
153,-3.4584584584584586,0.019151465828665514,0.0008391603356641344,4.995163341841278e-05
154,-3.4484484484484486,0.01983080838283831,0.0009390603756241504,0.0
155,-3.4384384384384385,0.019780856724443255,0.0012187804875121951,3.9961306734730225e-05
156,-3.4284284284284285,0.020989686857603676,0.0011188804475521792,2.9970980051047667e-05
157,-3.4184184184184185,0.020879793209134547,0.0011688304675321873,3.9961306734730225e-05
158,-3.4084084084084085,0.022518207604492472,0.0011388604555441825,1.9980653367365113e-05
159,-3.3983983983983985,0.02261811092128259,0.0013286705314682129,0.0
160,-3.388388388388388,0.022148565332369037,0.001198800479520192,4.995163341841278e-05
161,-3.378378378378378,0.024246534984961505,0.0015284706113882448,9.990326683682556e-06
162,-3.368368368368368,0.02486593554906023,0.0012487504995002,9.990326683682556e-06
163,-3.358358358358358,0.023727037737652893,0.0012387604955041984,2.9970980051047667e-05
164,-3.348348348348348,0.024776022563949125,0.0016383606553442623,2.9970980051047667e-05
165,-3.338338338338338,0.02635449496923298,0.0012787205114882048,0.0
166,-3.328328328328328,0.026314533642516933,0.001648350659340264,2.9970980051047667e-05
167,-3.318318318318318,0.027243634488665028,0.0015584406233762496,2.9970980051047667e-05
168,-3.308308308308308,0.02810280301306004,0.0016583406633362656,5.9941960102095334e-05
169,-3.298298298298298,0.0284125032951094,0.0018381607352642945,0.0
170,-3.288288288288288,0.028672251918763707,0.001978020791208317,4.995163341841278e-05
171,-3.278278278278278,0.029511439779800693,0.0017382606953042785,3.9961306734730225e-05
172,-3.268268268268268,0.02989107238360314,0.002077920831168333,1.9980653367365113e-05
173,-3.258258258258258,0.03065033759120803,0.001978020791208317,5.9941960102095334e-05
174,-3.248248248248248,0.032318722981602994,0.002077920831168333,5.9941960102095334e-05
175,-3.238238238238238,0.033008055867454804,0.0021878108751243503,2.9970980051047667e-05
176,-3.228228228228228,0.03382726306513377,0.0021378608551443426,1.9980653367365113e-05
177,-3.218218218218218,0.032838220228911606,0.0022677309070923634,7.992261346946045e-05
178,-3.208208208208208,0.034676441257849765,0.0022177808871123553,0.00011988392020419067
179,-3.198198198198198,0.0353857548070596,0.0022177808871123553,0.00010989359352050812
180,-3.188188188188188,0.035046083529973196,0.002387610955044382,2.9970980051047667e-05
181,-3.178178178178178,0.03697421754402246,0.0026573410629364257,5.9941960102095334e-05
182,-3.168168168168168,0.038063163697034746,0.0024375609750243903,5.9941960102095334e-05
183,-3.158158158158158,0.0388723805630347,0.002867131146852459,7.992261346946045e-05
184,-3.148148148148148,0.03965162643399761,0.002677321070928429,1.9980653367365113e-05
185,-3.138138138138138,0.039811471740861804,0.0028871111548444623,4.995163341841278e-05
186,-3.128128128128128,0.04076055325036792,0.0028771211508484607,0.00012987424688787322
187,-3.118118118118118,0.041849499403380196,0.0029670311868124754,9.990326683682557e-05
188,-3.108108108108108,0.042768609917849275,0.003176821270728509,0.00011988392020419067
189,-3.098098098098098,0.04418723701626894,0.0030769212307684927,8.9912940153143e-05
190,-3.088088088088088,0.04521624117920715,0.0034865113946045585,0.00010989359352050812
191,-3.078078078078078,0.044407024313207207,0.0031568412627365054,0.00014985490025523835
192,-3.068068068068068,0.04611537103031821,0.003766231506492603,7.992261346946045e-05
193,-3.058058058058058,0.04628520666886141,0.003896101558440624,0.00011988392020419067
194,-3.048048048048048,0.04853303129663905,0.00405594162237665,0.0001398645735715558
195,-3.038038038038038,0.04963196778133035,0.0036563414625365854,8.9912940153143e-05
196,-3.028028028028028,0.04997163905841674,0.00405594162237665,4.995163341841278e-05
197,-3.018018018018018,0.05240927998809561,0.0037462514985006,8.9912940153143e-05
198,-3.008008008008008,0.05233934766634253,0.004615381846152739,0.00012987424688787322
199,-2.997997997997998,0.05509667920974977,0.004465531786212716,9.990326683682557e-05
200,-2.987987987987988,0.05463712395251523,0.00455544182217673,0.00011988392020419067
201,-2.977977977977978,0.0564853353131324,0.0048251719300687725,0.00012987424688787322
202,-2.967967967967968,0.056834996921897814,0.004525471810188725,0.0001398645735715558
203,-2.957957957957958,0.05810376904513231,0.004815181926072771,0.0001598452269389209
204,-2.947947947947948,0.05922268619318162,0.005134862053944822,0.00010989359352050812
205,-2.937937937937938,0.058962937569527314,0.005134862053944822,0.00014985490025523835
206,-2.9279279279279278,0.061930066078193804,0.005634362253744902,0.0001398645735715558
207,-2.9179179179179178,0.06274927327587276,0.0053146821258728515,0.00012987424688787322
208,-2.9079079079079078,0.06334869317661347,0.005524472209788885,0.00010989359352050812
209,-2.8978978978978978,0.06463744596320599,0.0058141823256729315,0.0002497581670920639
210,-2.8878878878878878,0.06780438110545271,0.0057642323056929234,0.0001598452269389209
211,-2.8778778778778777,0.06776441977873666,0.00662337264934906,0.00014985490025523835
212,-2.8678678678678677,0.07003222506987233,0.006573422629369053,0.0002297775137246988
213,-2.8578578578578577,0.06931292118898348,0.006103892441556977,0.00023976784040838134
214,-2.8478478478478477,0.0720502720690327,0.0066833126733250705,0.0002297775137246988
215,-2.8378378378378377,0.07296938258350177,0.0071528428611371455,0.0002497581670920639
216,-2.8278278278278277,0.07541701384485966,0.007202792881117154,0.0002297775137246988
217,-2.8178178178178177,0.0749474682559461,0.00743256297302519,0.0002997098005104767
218,-2.8078078078078077,0.07767482880431631,0.007392602957041184,0.0003296807805615244
219,-2.7977977977977977,0.07833419069513109,0.0076023930409572175,0.000359651760612572
220,-2.7877877877877877,0.0801224600656742,0.008631363452545383,0.0003296807805615244
221,-2.7777777777777777,0.0809816285900692,0.008151843260737306,0.00020979686035733368
222,-2.7677677677677677,0.08415855406399493,0.008451543380617354,0.0003097001271941592
223,-2.7577577577577577,0.08453818666779737,0.008961033584413435,0.00041959372071466737
224,-2.7477477477477477,0.08586690078110594,0.00943056377222551,0.0003097001271941592
225,-2.7377377377377377,0.0885543000027601,0.0093606337442535,0.0003196904538778418
226,-2.7277277277277276,0.08941346852715511,0.009390603756241504,0.00041959372071466737
227,-2.7177177177177176,0.09155139950646363,0.010689304275721711,0.0003696420872962546
228,-2.7077077077077076,0.09198098376866112,0.010269724107889644,0.00044956470076571505
229,-2.6976976976976976,0.09452851834680913,0.010019974007989605,0.0003396711072452069
230,-2.6876876876876876,0.09534772554448809,0.010609384243753699,0.00046954535413308015
231,-2.6776776776776776,0.09499806393572267,0.010919074367629749,0.0004295840473983499
232,-2.6676676676676676,0.09760554050394474,0.011588404635361855,0.0005294873142351755
233,-2.6576576576576576,0.09992329745347546,0.011788204715281888,0.0004595550274493976
234,-2.6476476476476476,0.10110215659159885,0.011558434623373852,0.0005494679676025406
235,-2.6376376376376376,0.10401933344187028,0.012117874847149941,0.0005994196010209534
236,-2.6276276276276276,0.10507830859984553,0.01267731507092603,0.0004895260075004453
237,-2.6176176176176176,0.10714630725740096,0.012587405034962015,0.0006493712344393662
238,-2.6076076076076076,0.11089268163703037,0.013476515390606158,0.0005494679676025406
239,-2.5975975975975976,0.11179181148814142,0.013966025586410236,0.0005694486209699057
240,-2.5875875875875876,0.11249113470567224,0.014415575766230308,0.0006893325411740964
241,-2.5775775775775776,0.11407959744263511,0.014155835662334268,0.000629390581072001
242,-2.5675675675675675,0.1168768903127584,0.014945045978018394,0.0006493712344393662
243,-2.5575575575575575,0.11813567210431387,0.015054936021974412,0.0006593615611230488
244,-2.5475475475475475,0.1212126942614495,0.014595395838158337,0.0007592648279598742
245,-2.5375375375375375,0.11857524669819039,0.015204786081914435,0.0007792454813272394
246,-2.5275275275275275,0.12253141804307904,0.01630368652147461,0.000719303521225144
247,-2.5175175175175175,0.12431968741362215,0.01678320671328269,0.0008491777681130173
248,-2.5075075075075075,0.12714695127878248,0.01630368652147461,0.0007492745012761917
249,-2.4974974974974975,0.13111311295535014,0.017142846857138745,0.0008192067880619696
250,-2.4874874874874875,0.13105317096527605,0.01824174729669892,0.0009091197282151126
251,-2.4774774774774775,0.1334708312315969,0.018461527384610956,0.0010290036484193032
252,-2.4674674674674675,0.13617821111660908,0.018961027584411035,0.0008991294015314301
253,-2.4574574574574575,0.13623815310668316,0.01961037784415114,0.0008891390748477475
254,-2.4474474474474475,0.14204253581218898,0.019760227904091165,0.001308732795562415
255,-2.4374374374374375,0.14178278718853468,0.020589398235759296,0.0010489843017866683
256,-2.4274274274274275,0.14204253581218898,0.01991007796403119,0.001308732795562415
257,-2.4174174174174174,0.14506960631092955,0.02228769891507957,0.001078955281837716
258,-2.4074074074074074,0.14934546826954656,0.020899088359635346,0.0011089262618887638
259,-2.3973973973973974,0.1490457583191762,0.021768218707287488,0.001218819855409272
260,-2.3873873873873874,0.14932548760618855,0.023586399434559778,0.001308732795562415
261,-2.3773773773773774,0.15313180397589202,0.023806179522471813,0.001218819855409272
262,-2.3673673673673674,0.1533715719361883,0.024125859650343865,0.0014985490025523835
263,-2.3573573573573574,0.15746760792458311,0.02529469011787605,0.001218819855409272
264,-2.3473473473473474,0.15810698915203986,0.025064920025968013,0.0012887521421950498
265,-2.3373373373373374,0.1626425997343112,0.025694290277716116,0.0014585876958176532
266,-2.3273273273273274,0.16301224200643463,0.0255844002337601,0.001528519982603431
267,-2.3173173173173174,0.16575958321816286,0.02698300079320032,0.001688365209542352
268,-2.3073073073073074,0.16666870340095294,0.02767231106892443,0.0014186263890829229
269,-2.2972972972972974,0.17203351151258223,0.028431551372620552,0.0016284232494402566
270,-2.2872872872872874,0.1732723126407797,0.030069912027964815,0.0016484039028076217
271,-2.2772772772772774,0.1771785323272733,0.029690291876116756,0.0019281330499507333
272,-2.2672672672672673,0.17632935413455728,0.0299800019920008,0.0017682878230118125
273,-2.2572572572572573,0.18008571884586572,0.03046951218780488,0.0019281330499507333
274,-2.2472472472472473,0.1821237465083841,0.03162835265134106,0.0020180459901038765
275,-2.2372372372372373,0.18395197720564324,0.03254743301897321,0.0021079589302570195
276,-2.2272272272272273,0.18685916372423567,0.03319678327871332,0.002067997623522289
277,-2.2172172172172173,0.18645955045707518,0.03423574369429748,0.0020979686035733367
278,-2.2072072072072073,0.18982629223290215,0.03384613353845342,0.0023277461172980358
279,-2.1971971971971973,0.19282339173660568,0.03490507396202959,0.0024576203641859086
280,-2.1871871871871873,0.19672961142309928,0.035864114345645744,0.0026474365711758774
281,-2.1771771771771773,0.19954688495658057,0.03787210514884207,0.0022678041571959403
282,-2.1671671671671673,0.1985278711253214,0.0368531247412499,0.002477601017553274
283,-2.1571571571571573,0.20323331734613592,0.03823174529269812,0.002517562324288004
284,-2.1471471471471473,0.20430228283579016,0.038311665324666136,0.002707378531277973
285,-2.1371371371371373,0.20885787408141954,0.04029967611987045,0.003286817478931561
286,-2.1271271271271273,0.21172509927329589,0.04012984605193843,0.0027473398380127028
287,-2.1171171171171173,0.21311375537667854,0.04229767691907078,0.0029371560450026715
288,-2.1071071071071072,0.21655042947425857,0.04197799679119872,0.003067030291890545
289,-2.0970970970970972,0.21754946264215974,0.043975997590399045,0.0034766336859215295
290,-2.0870870870870872,0.21790911458260417,0.04401595760638305,0.0035965176061257204
291,-2.0770770770770772,0.2240531685651964,0.04587409834963935,0.0036564595662278154
292,-2.067067067067067,0.2253319310201099,0.047792179116871655,0.003376730419084704
293,-2.057057057057057,0.2257615152823074,0.04701295880518353,0.0034866240126052122
294,-2.047047047047047,0.22996744491917134,0.0480619092247637,0.0037263918530135933
295,-2.037037037037037,0.23353399332857855,0.04976020990408397,0.0036664498929114982
296,-2.027027027027027,0.23422332621443034,0.05131865052746022,0.003846275773217784
297,-2.017017017017017,0.23500257208539327,0.05101895040758017,0.004116014593677213
298,-2.007007007007007,0.23965806664781272,0.052976991190796484,0.004635511581228706
299,-1.9969969969969972,0.2421856205626027,0.05350646140258457,0.0043857534141366426
300,-1.9869869869869872,0.2425053111763311,0.05514482205792883,0.004545598641075563
301,-1.9769769769769772,0.2445433388388495,0.056783182713273095,0.004945211708422865
302,-1.9669669669669672,0.2508072768015898,0.05756240302496122,0.0048952600750044525
303,-1.9569569569569571,0.25041765386610837,0.059240723696289486,0.004995163341841278
304,-1.9469469469469471,0.25290524645418233,0.06038957415582967,0.0049851730151575955
305,-1.9369369369369371,0.2522059232366515,0.06160835464334187,0.005055105301943374
306,-1.9269269269269271,0.25762068300667584,0.06136859454743783,0.005564611962811184
307,-1.9169169169169171,0.26145697037141635,0.06335660534264215,0.005214950528882294
308,-1.9069069069069071,0.26444407954344085,0.06404591561836626,0.005834350783270613
309,-1.8968968968968971,0.263714785330873,0.06480515592206237,0.005594582942862232
310,-1.886886886886887,0.26521333508272477,0.06704291681716673,0.00629390581072001
311,-1.876876876876877,0.27105767911494666,0.06893102757241104,0.006094099277046359
312,-1.866866866866867,0.27304575511907,0.06853142741257097,0.006373828424189471
313,-1.856856856856857,0.27301578412403293,0.0717981587192635,0.0073029288057719485
314,-1.846846846846847,0.2828362801645015,0.07295699918279969,0.0067634511648530906
315,-1.836836836836837,0.2777412110082055,0.07337657935063176,0.006903315738424646
316,-1.826826826826827,0.2801588712745263,0.07526469010587605,0.007652590239700838
317,-1.816816816816817,0.28725200676662466,0.07504491001796403,0.007492745012761917
318,-1.806806806806807,0.2874318327368469,0.07793202117280848,0.00789235808010922
319,-1.796796796796797,0.29018916428025415,0.07814181125672451,0.00758265795291506
320,-1.7867867867867866,0.2947747265209205,0.07956039182415674,0.00860167127465068
321,-1.7767767767767766,0.2941753066201798,0.081158792463517,0.008471797027762807
322,-1.7667667667667666,0.2945949005506983,0.08267727307090925,0.00871156486817119
323,-1.7567567567567566,0.29896067549442645,0.08499495399798161,0.009460839369447381
324,-1.7467467467467466,0.2997798826921054,0.08517477406990964,0.00957073296296789
325,-1.7367367367367366,0.3012784324439572,0.08568426427370572,0.009940375050264143
326,-1.7267267267267266,0.30813179997575924,0.08939055575622232,0.009410887736028968
327,-1.7167167167167166,0.3097102723810431,0.09144849657939864,0.010090229950519381
328,-1.7067067067067065,0.3095504270741789,0.0930269172107669,0.010459872037815636
329,-1.6966966966966965,0.31180824203363555,0.09407586763034706,0.010489843017866684
330,-1.6866866866866865,0.3154547130964748,0.09622371848948741,0.010679659224856652
331,-1.6766766766766765,0.3163938042743019,0.09858135943254379,0.011428933726132844
332,-1.6666666666666665,0.3157644133785242,0.09909084963633986,0.010799543145060844
333,-1.6566566566566565,0.31819206397652405,0.09967026986810797,0.01152883699296967
334,-1.6466466466466465,0.32425619530568417,0.10064929025971613,0.011618749933122813
335,-1.6366366366366365,0.3236767560683015,0.10619374247749701,0.012617782601491068
336,-1.6266266266266265,0.32737317878953587,0.10493500197400081,0.011988392020419068
337,-1.6166166166166165,0.32779277272005436,0.10667326266930509,0.012318072800980592
338,-1.6066066066066065,0.3337969620591404,0.10950043380017353,0.012817589135164719
339,-1.5965965965965965,0.3330376968515355,0.11096896438758577,0.014186263890829229
340,-1.5865865865865865,0.3330976388416096,0.11289703515881408,0.013586844289808277
341,-1.5765765765765765,0.33885206988872035,0.11590402636161057,0.01395648637710453
342,-1.5665665665665665,0.34057040693751034,0.1173925369570148,0.013886554090318753
343,-1.5565565565565564,0.34012084201195486,0.11724268689707477,0.014505954344707072
344,-1.5465465465465464,0.34274829924353495,0.12054937821975131,0.015934571060473676
345,-1.5365365365365364,0.34661455760331245,0.12085906834362736,0.015574919299861104
346,-1.5265265265265264,0.3469642192120779,0.12412579965031988,0.01622429053430047
347,-1.5165165165165164,0.346214944336152,0.12471520988608398,0.016553971314861995
348,-1.5065065065065064,0.3495217441219049,0.12832160132864054,0.016893642422107204
349,-1.4964964964964964,0.3511301875222258,0.13009982203992884,0.017133410262515584
350,-1.4864864864864864,0.351329994155806,0.13189802275920912,0.017612945943332348
351,-1.4764764764764764,0.3546168132782009,0.13391600356640146,0.01806251064409806
352,-1.4664664664664664,0.3583731779895093,0.1353445741378297,0.01872187220522111
353,-1.4564564564564564,0.35878278158834875,0.137272644909058,0.019800827487058827
354,-1.4464464464464464,0.35848307163797843,0.13832159532863816,0.01958104030001781
355,-1.4364364364364364,0.3638278990862497,0.1429569571827829,0.01958104030001781
356,-1.4264264264264264,0.3641775606950151,0.1422476668990668,0.02079986015542708
357,-1.4164164164164164,0.364057676714867,0.1466532586613035,0.020959705382366002
358,-1.4064064064064064,0.3686931906139284,0.14631359852543943,0.021948747724050578
359,-1.3963963963963963,0.36888300691582965,0.14897093958837584,0.022658060918592036
360,-1.3863863863863863,0.3693425621730642,0.15143847057538826,0.022428283404867338
361,-1.3763763763763763,0.3718201644294591,0.15434556173822472,0.023417325746551913
362,-1.3663663663663663,0.3729290912458294,0.15602388240955298,0.02356718064680715
363,-1.3563563563563563,0.37638574600676744,0.15687303274921313,0.02426650351466493
364,-1.3463463463463463,0.37908313556010065,0.1618580447432179,0.02407668730767496
365,-1.3363363363363363,0.3790931258917796,0.16071918428767373,0.02610472362446252
366,-1.3263263263263263,0.37831388002081673,0.16695294678117875,0.025295507163084232
367,-1.3163163163163163,0.3769851659075082,0.16430559572223832,0.027343524133239157
368,-1.3063063063063063,0.38012213005471784,0.16719270687708276,0.028202692228035856
369,-1.2962962962962963,0.38019206237647096,0.17051937820775132,0.027613262953698585
370,-1.2862862862862863,0.38676570062126064,0.17256732902693164,0.028402498761709506
371,-1.2762762762762763,0.38387849476602626,0.17727262090904838,0.03002093168446608
372,-1.2662662662662663,0.387035439576594,0.17887102154840864,0.03063034161217072
373,-1.2562562562562563,0.3851572572209398,0.17954035181614075,0.030940041739364876
374,-1.2462462462462462,0.38544697683963114,0.18206782282712916,0.031689316240641065
375,-1.2362362362362362,0.3874750141704705,0.1835063834025534,0.032678358582325644
376,-1.2262262262262262,0.39255010266340845,0.18798190519276212,0.03391715909110228
377,-1.2162162162162162,0.3911214852333098,0.19145842658337067,0.034047033337990154
378,-1.2062062062062062,0.38502738290911265,0.19090897636359058,0.03497613371957263
379,-1.1961961961961962,0.38871381529866794,0.19509478803791525,0.03586527279442037
380,-1.1861861861861862,0.39091168826805056,0.19433554773421913,0.03584529214105301
381,-1.1761761761761762,0.39119141755506287,0.1967830987132395,0.03690426676952336
382,-1.1661661661661662,0.3947679562961491,0.20034953013981208,0.03783336715110584
383,-1.1561561561561562,0.39312954190079114,0.2023075709230284,0.038053154338146856
384,-1.1461461461461462,0.39807475608190196,0.20644343257737308,0.039381867787076634
385,-1.1361361361361362,0.39262003498516157,0.20993993397597363,0.04040088110881226
386,-1.1261261261261262,0.39982306412572904,0.21090896436358578,0.042428917425599816
387,-1.1161161161161162,0.39632644803807493,0.2129169551667821,0.041250058876925275
388,-1.1061061061061062,0.396406370691507,0.2142656057062423,0.04181950749789518
389,-1.0960960960960962,0.3985343113391365,0.21533453613381448,0.04351786303412122
390,-1.0860860860860861,0.398104727076939,0.2179419271767709,0.044466944069071056
391,-1.0760760760760761,0.39704575191896374,0.22243742897497162,0.04611534797187868
392,-1.0660660660660661,0.3961166510728157,0.22505481002192404,0.047274225867185854
393,-1.0560560560560561,0.39540733752360585,0.22645341058136426,0.04882272650315665
394,-1.0460460460460461,0.3979348914383958,0.2284713913885566,0.04863291029616668
395,-1.0360360360360361,0.4004124936947907,0.23202783281113315,0.05152011470775094
396,-1.026026026026026,0.39534739553353176,0.2335762834305134,0.0509706467401484
397,-1.016016016016016,0.39967320915054383,0.23691294476517794,0.0509706467401484
398,-1.006006006006006,0.40054236800661785,0.2410587964235186,0.05210954398208821
399,-0.9959959959959956,0.39670608064187735,0.24572412828965134,0.05381788984499793
400,-0.9859859859859856,0.4003725323680747,0.24310674724269893,0.05442729977270257
401,-0.9759759759759756,0.3968958969437786,0.24495489798195924,0.05643535543612276
402,-0.9659659659659656,0.39712567457239584,0.24995988998395602,0.057933904438675146
403,-0.9559559559559556,0.396416361023186,0.25332652133060857,0.05808375933893038
404,-0.9459459459459456,0.39602673808770456,0.2536362114544846,0.05889297580030867
405,-0.9359359359359356,0.40206089842182763,0.2546551918620768,0.06009181500235058
406,-0.9259259259259256,0.3994734025169636,0.25813171325268536,0.06071121525673889
407,-0.9159159159159156,0.3967460419685934,0.2601996440798577,0.06453751037658931
408,-0.9059059059059056,0.3985343113391365,0.2658140263256106,0.06392810044888468
409,-0.8958958958958956,0.3986142339925686,0.26589394635757857,0.0660360593791417
410,-0.8858858858858856,0.3971056939090378,0.2679119271647709,0.06739474380812252
411,-0.8758758758758756,0.3958968637758774,0.2697800579120232,0.06719493727444888
412,-0.8658658658658656,0.39795487210175384,0.27256726902690764,0.06734479217470411
413,-0.8558558558558556,0.39543730851864284,0.2783614713445886,0.07235993616991275
414,-0.8458458458458455,0.3977850364632106,0.27930053172021274,0.07192036179583072
415,-0.8358358358358355,0.3948778499446182,0.2792805517122207,0.0738185238657304
416,-0.8258258258258255,0.3934192615194825,0.28589393435757376,0.07501736306777232
417,-0.8158158158158155,0.3939387587667911,0.2884214053685622,0.07601639573614057
418,-0.8058058058058055,0.39135126286192706,0.28927055570822235,0.07690553481098832
419,-0.7957957957957955,0.3901923843871617,0.29000981600392645,0.07801446107287709
420,-0.7857857857857855,0.3875449464922236,0.29250731700292687,0.08007246836971568
421,-0.7757757757757755,0.3905919976543222,0.2947950279180112,0.08198062076629906
422,-0.7657657657657655,0.3889136219322482,0.2965232986093195,0.08155103671890071
423,-0.7557557557557555,0.3890834575707914,0.2955642582257033,0.0852774285719143
424,-0.7457457457457455,0.38829422136814945,0.29870111948044786,0.0871056583550282
425,-0.7357357357357355,0.38952303216466794,0.3016881306752523,0.08819460396354961
426,-0.7257257257257255,0.384507885661804,0.305893922357569,0.0915213827492159
427,-0.7157157157157155,0.3867856812846187,0.30691290276516114,0.08904378173166262
428,-0.7057057057057055,0.37972251678755736,0.3083714433485774,0.09312982534528878
429,-0.6956956956956954,0.38403834007289045,0.31036944414777773,0.09307987371187038
430,-0.6856856856856854,0.3820202930737301,0.31252728501091404,0.09500800676182111
431,-0.6756756756756754,0.3801321203863969,0.3175222870089148,0.09665641066462873
432,-0.6656656656656654,0.37365838545839725,0.3166231866492747,0.10085234787177541
433,-0.6556556556556554,0.3776245471349649,0.3197600479040192,0.1007424542782549
434,-0.6456456456456454,0.3764157170018045,0.32053926821570733,0.10139182551269427
435,-0.6356356356356354,0.3715704061374838,0.3222875189150076,0.1024607904678483
436,-0.6256256256256254,0.3725294779786689,0.3277620411048165,0.10493839148540157
437,-0.6156156156156154,0.37041152766271845,0.33069910227964094,0.10585750154030037
438,-0.6056056056056054,0.37129067685047146,0.3335762234304894,0.10758582805657745
439,-0.5955955955955954,0.367474370149089,0.3334363633745454,0.11159194905673415
440,-0.5855855855855854,0.3667450759365211,0.3362435544974218,0.11275082695204133
441,-0.5755755755755754,0.36709473754528654,0.3380617352246941,0.11337022720642964
442,-0.5655655655655654,0.3618098520870893,0.3400397560159025,0.11478885359551257
443,-0.5555555555555554,0.3619896780573115,0.3424373569749428,0.11930448125653709
444,-0.5455455455455454,0.36045116697874374,0.34150828660331467,0.11862513904204668
445,-0.5355355355355353,0.35730421249985506,0.3460137784055114,0.12066316568551791
446,-0.5255255255255253,0.35802351638074387,0.34803175921270374,0.12286103755592807
447,-0.5155155155155153,0.35390749972899105,0.3483814093525638,0.125538445107155
448,-0.5055055055055053,0.3559854887182255,0.3526471410588565,0.12784621057108567
449,-0.4954954954954953,0.35135996515084306,0.35009969003987607,0.1298942275412406
450,-0.4854854854854853,0.35175957841800354,0.35253725101490047,0.1317923896111403
451,-0.4754754754754753,0.3473338614842013,0.3550047820019129,0.1324217801922123
452,-0.4654654654654653,0.3465546156132384,0.35670308268123313,0.13410015507507095
453,-0.4554554554554553,0.347893320058226,0.3605392442156977,0.13484942957634713
454,-0.4454454454454453,0.3416193917638066,0.3599198639679456,0.1395149121376269
455,-0.4354354354354353,0.3372835878151155,0.36230747492299004,0.14239212622252748
456,-0.4254254254254253,0.3381427563395105,0.36412565565026234,0.1446599303797234
457,-0.41541541541541527,0.33708378118153526,0.3665532266212907,0.14685780225013356
458,-0.40540540540540526,0.3319387603668442,0.36423554569421834,0.14947526784125842
459,-0.39539539539539525,0.3332574841484738,0.3702195580878233,0.14869602235993118
460,-0.38538538538538525,0.3344663142816342,0.3664133665653467,0.15100378782386184
461,-0.37537537537537524,0.3276029564181531,0.368371407348563,0.15270214336008786
462,-0.36536536536536524,0.32680372988383216,0.37428548971419595,0.15549943483151898
463,-0.35535535535535523,0.3263941262849927,0.3721176588470636,0.16032476261973766
464,-0.3453453453453452,0.3248056635480298,0.3752745001098001,0.1620830601160658
465,-0.3353353353353352,0.3187215515555117,0.3740457296182919,0.16279237331060725
466,-0.3253253253253252,0.3163138816208699,0.3759038703615482,0.16565959706882413
467,-0.3153153153153152,0.316453746264376,0.37873104149241665,0.1668384556174987
468,-0.3053053053053052,0.3177025377242525,0.3802295420918169,0.16896639520112308
469,-0.2952952952952952,0.31247759425612937,0.3814583125833251,0.17159385111893158
470,-0.2852852852852852,0.3075024090799815,0.38493483397393363,0.17291257424117767
471,-0.2752752752752752,0.30779212869867284,0.380898872359549,0.17694866622138544
472,-0.26526526526526517,0.3065133662437593,0.38109867243946904,0.18129445832878735
473,-0.25525525525525516,0.30046921557795725,0.38503473401389365,0.1813743809422568
474,-0.24524524524524516,0.2986709558757351,0.3846750938700376,0.18427157568052474
475,-0.23523523523523515,0.299390259756624,0.38922054568821834,0.1842416047004737
476,-0.22522522522522515,0.2974221644158586,0.3894902757961104,0.18841756125425302
477,-0.21521521521521514,0.29427520993696993,0.3910587064234826,0.18946654555603967
478,-0.20520520520520513,0.29428520026864896,0.3902894761157905,0.19067537508476526
479,-0.19519519519519513,0.2851440467823532,0.39114861645944665,0.1932428890424717
480,-0.18518518518518512,0.28773154268721723,0.39172803669121475,0.19593028692038228
481,-0.1751751751751751,0.284954230480452,0.3937560075024031,0.19696928089548527
482,-0.1651651651651651,0.28066837819015594,0.393236527294611,0.20093544058890725
483,-0.1551551551551551,0.2804386005615387,0.39815160926064375,0.2024439799181433
484,-0.1451451451451451,0.2786902925177116,0.39876099950439986,0.20722934639962726
485,-0.1351351351351351,0.27718175243418086,0.3894902757961104,0.207489094893403
486,-0.12512512512512508,0.27293586147060084,0.39427548771019516,0.21226447104820326
487,-0.11511511511511507,0.26884981581388506,0.3954642981857193,0.21263411313549951
488,-0.10510510510510507,0.2684701832100826,0.3964632985853195,0.2146521591256034
489,-0.09509509509509506,0.2663222618990951,0.39682293872917557,0.21611074682142106
490,-0.08508508508508505,0.2604779178668732,0.39745230898092365,0.21893800927290322
491,-0.07507507507507505,0.2627756941530459,0.39932043972817594,0.22217487511841635
492,-0.06506506506506504,0.2588395034715153,0.39643332857333147,0.2270801255201045
493,-0.055055055055055035,0.2582001222440585,0.39807168922867575,0.22647071559239987
494,-0.04504504504504503,0.2537644149785773,0.399670089868036,0.23026703973219922
495,-0.03503503503503502,0.24909893008447884,0.40053922021568816,0.2326247568295483
496,-0.025025025025025016,0.2470209410952444,0.39468507787403123,0.23724028775740966
497,-0.01501501501501501,0.24505284575447908,0.4007090502836202,0.2369305876302155
498,-0.005005005005005003,0.2423654465328249,0.39812163924865573,0.24200567358552624
499,0.005005005005005003,0.2440538125865779,0.39617358846943546,0.24154611855807684
500,0.01501501501501501,0.24186592994887432,0.40181794072717636,0.24266503514664928
501,0.025025025025025016,0.23706058041126968,0.40057918023167216,0.24611169785251977
502,0.03503503503503502,0.23603157624833146,0.39876099950439986,0.24778008240869476
503,0.04504504504504503,0.23407347123924516,0.39679296871718756,0.24576203641859087
504,0.055055055055055035,0.22858877914746772,0.39866109946443984,0.2527952264039034
505,0.06506506506506504,0.22879857611272697,0.39687288874915555,0.2606376328505942
506,0.07507507507507505,0.2252520083666778,0.3983314293325718,0.2580601285662041
507,0.08508508508508505,0.22112600138324595,0.3975721890288757,0.2594387936485523
508,0.09509509509509506,0.218628418463493,0.3950746880298753,0.2674710163022331
509,0.10510510510510507,0.21850853448334487,0.39485490794196326,0.2639544213095768
510,0.11511511511511507,0.21599097090023392,0.39931044972417995,0.26720127748177364
511,0.12512512512512508,0.21344343632208593,0.3929468171787269,0.2682103004768256
512,0.1351351351351351,0.21042635615502436,0.3976121490448597,0.2742044964870351
513,0.1451451451451451,0.20716950802766654,0.393606157442463,0.2761725908437206
514,0.1551551551551551,0.20724943068109863,0.3975821790328717,0.27837046271413074
515,0.1651651651651651,0.20293360739576558,0.393606157442463,0.27984903106331577
516,0.1751751751751751,0.2026338974453952,0.39194781677912677,0.28121770581898026
517,0.18518518518518512,0.19917724268445713,0.3938958675583471,0.28356543258964567
518,0.19519519519519513,0.19690943739332148,0.39051924620769857,0.2854236333528106
519,0.20520520520520513,0.19452174812203768,0.39316659726663894,0.28914003487914053
520,0.21521521521521514,0.1911450160145317,0.3919977667991068,0.29314615587929727
521,0.22522522522522515,0.18842764579784052,0.3855242442096977,0.2948345210888396
522,0.23523523523523515,0.18908700768865527,0.3901895760758305,0.2969125090390456
523,0.24524524524524516,0.18372219957702599,0.38797179518871816,0.29910039058277205
524,0.25525525525525516,0.18283306005759392,0.38893083557233427,0.2993601390765478
525,0.26526526526526517,0.18090492604354466,0.3814782925913171,0.3033662600767045
526,0.2752752752752752,0.17787785554480412,0.38694282477713,0.30940041739364876
527,0.2852852852852852,0.1750605820113228,0.3823174529269812,0.30901079465298514
528,0.2952952952952952,0.17214340516105137,0.3815781926312771,0.3104094403887007
529,0.3053053053053052,0.17138413995344648,0.38109867243946904,0.31243747670548827
530,0.3153153153153152,0.168446982439817,0.380918852367541,0.3141857838751327
531,0.3253253253253252,0.16545987326779252,0.3770727008290804,0.3184716340224325
532,0.3353353353353352,0.16575958321816286,0.3778119611247845,0.31841169206233044
533,0.3453453453453452,0.16175346021487916,0.37476500990600403,0.3213488481073331
534,0.35535535535535523,0.16020495880463234,0.37807170122868056,0.3238564201049374
535,0.36536536536536524,0.15776731787495346,0.37330646932258776,0.32544488204764294
536,0.37537537537537524,0.15514985097505238,0.3692405376962151,0.3263140404691233
537,0.38538538538538525,0.1535414075747315,0.36846131738452703,0.3300104613420859
538,0.39539539539539525,0.15110376664505262,0.3688808975523591,0.3302102678757595
539,0.40540540540540526,0.15010473347715145,0.3694303477721392,0.33630436715280587
540,0.41541541541541527,0.14684788534979362,0.36983993793597525,0.3348058181502535
541,0.4254254254254253,0.14422042811821353,0.36870107748043107,0.3349456827238251
542,0.4354354354354353,0.14250209106942352,0.362247534899014,0.3374232837413783
543,0.4454454454454453,0.141193357619473,0.3609388443755378,0.3396810975718906
544,0.4554554554554553,0.13880566834818917,0.3613784045513619,0.34406685098602724
545,0.4654654654654653,0.1371173022944362,0.3579118731647493,0.34388702510572094
546,0.4754754754754753,0.13767676086846084,0.3584013833605534,0.3490720046545522
547,0.4854854854854853,0.13264163370223894,0.35865113346045346,0.351030108684554
548,0.4954954954954953,0.130983238643523,0.3520976908390764,0.3532279805549641
549,0.5055055055055053,0.12959458254014034,0.35567411226964496,0.35202914135292224
550,0.5155155155155153,0.12727682559060963,0.3509987903995162,0.35629501084685467
551,0.5255255255255253,0.12544859489335047,0.34854124941649983,0.35413710028317924
552,0.5355355355355353,0.12295101197359753,0.34595383838153543,0.35912227329833685
553,0.5455455455455454,0.11841540139132621,0.3464533385813355,0.3572440918818045
554,0.5555555555555554,0.12078310999925199,0.3421176768470708,0.36230918751043156
555,0.5655655655655654,0.11791588480737562,0.34005973602389444,0.36318833625859565
556,0.5755755755755754,0.11647727704559793,0.3389508455803383,0.3642373205603823
557,0.5855855855855854,0.11396970379416597,0.33682297472918993,0.36863306430120263
558,0.5955955955955954,0.11068288467177112,0.3336261734504694,0.3673742831390586
559,0.6056056056056054,0.10941411254853663,0.3334263733705494,0.3640175333733413
560,0.6156156156156154,0.10727618156922811,0.3315482526193011,0.36851318038099845
561,0.6256256256256254,0.10815533075698114,0.3282615413046166,0.3728589724884004
562,0.6356356356356354,0.10654688735666025,0.3261936104774442,0.3728989337951351
563,0.6456456456456454,0.1049684149513764,0.3241556496622599,0.37155023969283796
564,0.6556556556556554,0.10085239829962356,0.3229168891667557,0.3749869120720247
565,0.6656656656656654,0.10013309441873472,0.3222375688950276,0.37819380693748683
566,0.6756756756756754,0.09930389688937674,0.31746234698493886,0.37750447439631274
567,0.6856856856856854,0.09637672970742629,0.3152046060818425,0.37848352641131366
568,0.6956956956956954,0.09481823796550047,0.3126771350708541,0.37944259777294714
569,0.7057057057057055,0.09340960119875981,0.31126854450741787,0.380801282201928
570,0.7157157157157155,0.09243054869421666,0.3070327828131132,0.3870352460525459
571,0.7257257257257255,0.089323555542044,0.3103894241557697,0.3865856813517802
572,0.7357357357357355,0.09113180557594514,0.3053844321537729,0.3861061456709634
573,0.7457457457457455,0.08763518948829102,0.30205776082310437,0.38924310824963976
574,0.7557557557557555,0.08808475441384656,0.3027770411108165,0.3836784962868286
575,0.7657657657657655,0.08594682343453804,0.2989908295963319,0.38987249883071173
576,0.7757757757757755,0.08402867975216778,0.2976721490688597,0.39136105750658046
577,0.7857857857857855,0.08151111616905682,0.29434547773819114,0.38661565233183126
578,0.7957957957957955,0.08152110650073584,0.29120861648344665,0.39245000311510186
579,0.8058058058058055,0.07657589231962501,0.28800182520073014,0.3937387552572969
580,0.8158158158158155,0.076555911656267,0.2857340942936378,0.3916008253469888
581,0.8258258258258255,0.07446793233535354,0.28500482400192967,0.3899024698107628
582,0.8358358358358355,0.07491749726090907,0.2838359935343975,0.39648609509530963
583,0.8458458458458455,0.07402835774147702,0.2784613713845486,0.3954770721002577
584,0.8558558558558556,0.07350886049416841,0.27941042176416875,0.39718541796316736
585,0.8658658658658656,0.07024202203513158,0.27704279081711636,0.39506746870622667
586,0.8758758758758756,0.0685536559813786,0.27264718905887564,0.39738522449684105
587,0.8858858858858856,0.06686528992762561,0.268611227444491,0.39663594999556484
588,0.8958958958958956,0.06631582168527995,0.2676621770648709,0.39696563077612634
589,0.9059059059059056,0.06531678851737878,0.26455528582211435,0.3988737831727097
590,0.9159159159159156,0.06371833544873691,0.262097744839098,0.3987139379457708
591,0.9259259259259256,0.06174024977629258,0.2616082346432939,0.3964261531352075
592,0.9359359359359356,0.06222977602856416,0.25861123344449344,0.39812450867143356
593,0.9459459459459456,0.06173025944461357,0.255903942361577,0.39699560175617743
594,0.9559559559559556,0.060581371301527215,0.25460524184209676,0.398174460304852
595,0.9659659659659656,0.05856332430236685,0.2509888603955442,0.3978048182175557
596,0.9759759759759756,0.057354494169206426,0.24885099954039985,0.39944323179367963
597,0.9859859859859856,0.055686108778811465,0.24709275883710358,0.3988438121926587
598,0.9959959959959956,0.05477698859602139,0.24565419826167934,0.39965302865403696
599,1.0060060060060056,0.05423751068535476,0.24073911629564657,0.39932334787347545
600,1.0160160160160157,0.05250918330488573,0.23823162529265016,0.3966159693421975
601,1.0260260260260257,0.052159521696120315,0.23961024584409837,0.39680578554918744
602,1.0360360360360357,0.04996164872673773,0.2365732846293139,0.40059211936230316
603,1.0460460460460457,0.04922236418249087,0.23277708311083328,0.39766495364398413
604,1.0560560560560557,0.048882692905404465,0.23060925224370094,0.39739521482352475
605,1.0660660660660657,0.04803351471268847,0.2284913713965486,0.3962263466015339
606,1.0760760760760757,0.04650499396579967,0.22927059170823672,0.3997129706141391
607,1.0860860860860857,0.0458456320749849,0.2229569091827637,0.3933791034966843
608,1.0960960960960957,0.04381759474414551,0.21819167727667094,0.3990436187263323
609,1.1061061061061057,0.04375765275407144,0.21737249694899882,0.4014013358236814
610,1.1161161161161157,0.04141991514118269,0.2167031666812667,0.39405844571117477
611,1.1261261261261257,0.04229906432893572,0.2129069651627861,0.3980445860579641
612,1.1361361361361357,0.04094037922059013,0.2098999739599896,0.3980345957312804
613,1.1461461461461457,0.040690620928614835,0.20718269287307717,0.39578677222745184
614,1.1561561561561557,0.03983145240421983,0.20317670127068055,0.3920104287410198
615,1.1661661661661658,0.04024105600305931,0.20154833061933228,0.3909114928058147
616,1.1761761761761758,0.03722397583599776,0.20123864049545623,0.39311935500290857
617,1.1861861861861858,0.03549564845552873,0.20056931022772412,0.3936188713370927
618,1.1961961961961958,0.03679439157380025,0.19473514789405919,0.3921902546213261
619,1.2062062062062058,0.03561553243567687,0.19456531782612715,0.3916008253469888
620,1.2162162162162158,0.03450660561930657,0.19027960611184247,0.39343904545678643
621,1.2262262262262258,0.034266837659010285,0.18851137540455018,0.3886536789753025
622,1.2362362362362358,0.03409700202046708,0.18718270487308197,0.3875147817333627
623,1.2462462462462458,0.03169932241750426,0.18571417428566975,0.38638587481810655
624,1.2562562562562558,0.03127972848698577,0.18142846257138506,0.3865057587383107
625,1.2662662662662658,0.030940057209899372,0.17833156133262457,0.3828093378653482
626,1.2762762762762758,0.03074025057631914,0.17646343058537226,0.38518703561606465
627,1.2862862862862858,0.03012085001222041,0.17507482002992805,0.3835486220399407
628,1.2962962962962958,0.02822268699320818,0.17159829863931947,0.3827693765586135
629,1.3063063063063058,0.028832097225627896,0.17090898836359536,0.37913289764575303
630,1.3163163163163158,0.02680405989478851,0.16833156733262697,0.3823397925112151
631,1.3263263263263259,0.026684175914640368,0.16558431623372652,0.3790429847055999
632,1.3363363363363359,0.02623461098908484,0.16267722507089005,0.3738879761368197
633,1.3463463463463459,0.02606477535054164,0.16285704514281807,0.37631562552095454
634,1.3563563563563559,0.025755075068492277,0.15901089360435747,0.3769649967553939
635,1.3663663663663659,0.02421656398992447,0.15970020388008158,0.3742576182241159
636,1.3763763763763759,0.023067675846838116,0.15472518189007278,0.37119058793222537
637,1.386386386386386,0.023397356792245506,0.15198792079516835,0.3723095045207978
638,1.396396396396396,0.022757975564788754,0.1518780307512123,0.3703613908174797
639,1.406406406406406,0.02261811092128259,0.1479319791727917,0.36800367372013065
640,1.4164164164164168,0.022018691020541884,0.14776214910485966,0.36766400261288545
641,1.4264264264264268,0.021009667520961697,0.14660330864132348,0.366135482630282
642,1.4364364364364368,0.020420237951900004,0.1429369771747909,0.36603557936344516
643,1.4464464464464468,0.020240411981677794,0.14030960612384247,0.3605109287073687
644,1.4564564564564568,0.02057009292708518,0.1386013154405262,0.3611902709218591
645,1.4664664664664668,0.01929133047217168,0.13841150536460217,0.3551361329515475
646,1.4764764764764768,0.019091523838591442,0.13527464410985768,0.358992399051449
647,1.4864864864864868,0.018242345645875443,0.13458533383413354,0.3562150882333852
648,1.4964964964964969,0.017263293141332296,0.12908084163233668,0.3519592090661365
649,1.5065065065065069,0.01747309010659154,0.12812180124872052,0.35434689714353657
650,1.5165165165165169,0.01626425997343112,0.1266233006493203,0.35066046659725775
651,1.5265265265265269,0.016134385661603967,0.12394597957839185,0.3468341714774073
652,1.5365365365365369,0.016204317983357048,0.12440551976220793,0.34602495501602903
653,1.5465465465465469,0.015495004434147216,0.12260731904292764,0.3461448389362332
654,1.556556556556557,0.015265226805529945,0.11837155734862295,0.34199885336250496
655,1.566566566566567,0.015445052775752156,0.11814178725671493,0.33803269366908295
656,1.576576576576577,0.015285207468887969,0.1149649659859864,0.340580226973422
657,1.586586586586587,0.013786657717036207,0.11399593559837426,0.3347958278235698
658,1.596596596596597,0.014386077617776912,0.11370622548249021,0.33433627279612044
659,1.606606606606607,0.01408636766740656,0.11037955415182167,0.3298406257884633
660,1.616616616616617,0.012168223985036305,0.10827166330866533,0.33254800431974124
661,1.626626626626627,0.012837576207530092,0.10857136342854538,0.32850192201284983
662,1.636636636636637,0.012557846920517762,0.10704289281715715,0.3254648627010103
663,1.646646646646647,0.012358040286937528,0.10328665131466054,0.32457572362616255
664,1.656656656656657,0.011898485029702987,0.10265728106291244,0.32189831607493563
665,1.666666666666667,0.012228165975110375,0.09886107954443184,0.32002013465840334
666,1.676676676676677,0.011209152143851178,0.0986412994565198,0.3169031527330944
667,1.686686686686687,0.011129229490419083,0.0967831587132635,0.3142856871419695
668,1.696696696696697,0.010529809589678378,0.09519474807789925,0.3146153679225311
669,1.706706706706707,0.010549790253036402,0.09136857654743064,0.31238752507206985
670,1.716716716716717,0.009880438030542615,0.09414579765831908,0.3096701562141082
671,1.726726726726727,0.009540766753456215,0.0917382066952827,0.3073623907501775
672,1.736736736736737,0.009930389688937674,0.08782212512885007,0.3069627776828302
673,1.746746746746747,0.009880438030542615,0.08675319470127789,0.30426538947823595
674,1.756756756756757,0.009111182491258711,0.08624370449748181,0.30081872677236543
675,1.766766766766767,0.009011279174468593,0.0855743742297497,0.2973520834131276
676,1.776776776776777,0.008501772258838995,0.08318676327470532,0.2963930120514941
677,1.786786786786787,0.007952304016493349,0.08194800277920113,0.29592346669736097
678,1.796796796796797,0.008082178328320502,0.07916079166431668,0.2910481872757239
679,1.806806806806807,0.00796229434817236,0.07846149138459657,0.2907284968218461
680,1.816816816816817,0.007163067813851421,0.0761038504415402,0.28879037344521163
681,1.826826826826827,0.007482758427579796,0.07582413032965214,0.28071818948479615
682,1.836836836836837,0.00704318383370328,0.07451543980617593,0.28424477480413607
683,1.846846846846847,0.0067434738833329275,0.07207787883115155,0.27960926322290736
684,1.856856856856857,0.00704318383370328,0.07223771889508757,0.2778110044198445
685,1.866866866866867,0.006393812274567517,0.07138856855542744,0.27435435138729036
686,1.876876876876877,0.006573638244789728,0.07014980805992324,0.2721165182101455
687,1.886886886886887,0.006303899289456411,0.06709286683714674,0.2705080756140726
688,1.8968968968968971,0.0058343537005428586,0.06703292681317073,0.2688996330179997
689,1.9069069069069071,0.006144053982592223,0.06596399638559856,0.2652731444318229
690,1.9169169169169171,0.005664518061999659,0.06440555576222232,0.26066760383064524
691,1.9269269269269271,0.005374798443308318,0.06420575568230229,0.26118710081819674
692,1.9369369369369371,0.0055646147452095415,0.0617981647192659,0.2562219084564065
693,1.9469469469469471,0.005374798443308318,0.061218744487497805,0.2560520729027839
694,1.9569569569569571,0.005194972473086107,0.05898098359239345,0.2516063775285452
695,1.9669669669669672,0.005214953136444131,0.05842154336861736,0.25220579712956614
696,1.9769769769769772,0.004875281859357731,0.056863102745241104,0.24915874749104294
697,1.9869869869869872,0.004445697597160226,0.05516480206592084,0.2461516591592545
698,1.9969969969969972,0.004545600913950344,0.054755211902084766,0.24011750184231023
699,2.007007007007007,0.00435578461204912,0.054075891630356664,0.24170596378501577
700,2.017017017017017,0.0043957459387651675,0.05322674129069652,0.24012749216899393
701,2.027027027027027,0.004145987646789874,0.0511987704795082,0.2375599782112875
702,2.037037037037037,0.003786335706345451,0.05032964013185606,0.23499246425358108
703,2.047047047047047,0.004056074661678768,0.04985011994004798,0.2314858595876085
704,2.057057057057057,0.0034166934342220166,0.0480718992287597,0.22673046408617561
705,2.067067067067067,0.0036065097361232396,0.04672324868929948,0.22673046408617561
706,2.0770770770770772,0.0033167901174318993,0.04626370850548341,0.22667052212607353
707,2.0870870870870872,0.003446664429259052,0.045334638133855264,0.2230740045199478
708,2.0970970970970972,0.0036564613945182984,0.04480516792206717,0.21973723540759782
709,2.1071071071071072,0.0030670318254566054,0.04407589763035906,0.21732956667683032
710,2.1171171171171173,0.003166935142246723,0.04257739703095882,0.21383295233754143
711,2.1271271271271273,0.0028772155235553824,0.042757217102886845,0.21091577694590613
712,2.1371371371371373,0.0027573315434072415,0.04012984605193843,0.21100568988605928
713,2.1471471471471473,0.0027773122067652647,0.04089907635963055,0.20953711186355795
714,2.1571571571571573,0.0030970028204936407,0.039110865644346265,0.2040624128408999
715,2.1671671671671673,0.0023277472812097363,0.039740235896094364,0.20420227741447144
716,2.1771771771771773,0.002667418558296136,0.03784213513685406,0.19977656269360008
717,2.1871871871871873,0.0026774088899751474,0.03657340462936186,0.1992470753793649
718,2.1971971971971973,0.002567515241506018,0.03625372450148981,0.1964997355413522
719,2.2072072072072073,0.002277795622814678,0.03483514393405758,0.19494124457869771
720,2.2172172172172173,0.0023677086079257836,0.03503494401397761,0.18936664228920286
721,2.2272272272272273,0.0022078633010615954,0.03460537384214954,0.19186422396012348
722,2.2372372372372373,0.002267805291135666,0.03263734305493723,0.18879719366823294
723,2.2472472472472473,0.002227843964419619,0.03226771290708517,0.1855603278227198
724,2.2572572572572573,0.0020979696525924665,0.03200797280318913,0.18147428420909364
725,2.2672672672672673,0.0023277472812097363,0.03065932226372891,0.1792564316853161
726,2.2772772772772774,0.00217789230602456,0.030789192315676932,0.17813751509674366
727,2.2872872872872874,0.0018182403655801374,0.0299700119880048,0.1740414811564338
728,2.2972972972972974,0.0016883660537529849,0.027762221104888445,0.17225321268005464
729,2.3073073073073074,0.00171833704879002,0.028771211508484607,0.170385021590206
730,2.3173173173173174,0.0019381243457282783,0.027752231100892446,0.1696856987223482
731,2.3273273273273274,0.0017083467171110083,0.026992990797196324,0.16656871679703925
732,2.3373373373373374,0.001408636766740656,0.025714270285708118,0.1632319476846893
733,2.3473473473473474,0.0016284240636789144,0.02548450019380008,0.16114396940779963
734,2.3573573573573574,0.0017283273804690317,0.02548450019380008,0.16068441438035022
735,2.3673673673673674,0.001208830133160421,0.024545439818175932,0.15936569125810413
736,2.3773773773773774,0.001328714113308562,0.023016969206787686,0.1542806149761097
737,2.3873873873873874,0.001288752786592515,0.023676309470523793,0.151723091345087
738,2.3973973973973974,0.0013387044449875737,0.023186799274719713,0.1519928301655464
739,2.4074074074074074,0.0010789558213332685,0.022327658931063577,0.14784684459181816
740,2.4174174174174174,0.0012188204648394328,0.021718268687307477,0.14539921455431593
741,2.4274274274274275,0.0009890428362221628,0.02040957816383127,0.14522937900069333
742,2.4374374374374375,0.0010389944946172214,0.021138848455539386,0.14119328702048556
743,2.4474474474474475,0.0011089268163703037,0.02009988803995522,0.13937504756405533
744,2.4574574574574575,0.0010489848262962332,0.019460527784211118,0.13845593750915655
745,2.4674674674674675,0.0009390911778271039,0.019200787680315076,0.13685748523976735
746,2.4774774774774775,0.000979052504543151,0.018971017588407038,0.13450975846910193
747,2.4874874874874875,0.000979052504543151,0.018891097556439026,0.1335606774341521
748,2.4974974974974975,0.0009390911778271039,0.01854144741657897,0.13108307641659883
749,2.5075075075075075,0.0009091201827900687,0.017632357052942825,0.12760644273067728
750,2.5175175175175175,0.0010589751579752448,0.016933056773222713,0.13026386962853684
751,2.5275275275275275,0.0006993232175308221,0.017082906833162735,0.12549848380042028
752,2.5375375375375375,0.0007692555392839044,0.015864126345650542,0.12200186946113138
753,2.5475475475475475,0.0007792458709629161,0.015824166329666534,0.12128256593990623
754,2.5575575575575575,0.0008092168659999513,0.014795195918078369,0.11952426844357811
755,2.5675675675675675,0.0006893328858518104,0.015404586161834467,0.11856519708194457
756,2.5775775775775776,0.0007892362026419278,0.014005985602394242,0.11572794430377874
757,2.5875875875875876,0.0006793425541727986,0.014155835662334268,0.11398962746081796
758,2.5975975975975976,0.0007592652076048925,0.013846145538458218,0.11326033361290914
759,2.6076076076076076,0.000509506915629599,0.013716275486510197,0.10943403849305872
760,2.6176176176176176,0.0006293908957777399,0.013096895238758097,0.10787554753040424
761,2.6276276276276276,0.0006593618908147752,0.013086905234762096,0.1069764181288728
762,2.6376376376376376,0.0005894295690616929,0.01236762494704998,0.10320007464244081
763,2.6476476476476476,0.0005694489057036695,0.012417574967029988,0.10353974574968601
764,2.6576576576576576,0.0005794392373826812,0.011978014791205919,0.1017714579266742
765,2.6676676676676676,0.0003996132671604698,0.011568424627369853,0.09918396331560042
766,2.6776776776776776,0.0005294875789876224,0.010769224307689725,0.0989641761285594
767,2.6876876876876876,0.0005394779106666342,0.011068924427569772,0.09790520150008905
768,2.6976976976976976,0.00030970028204936405,0.010729264291705719,0.09686620752498606
769,2.7077077077077076,0.00046954558891355196,0.01005993402397361,0.09214078300360422
770,2.7177177177177176,0.0004096035988394815,0.009890103956041583,0.09202089908340003
771,2.7277277277277276,0.0004795359205925637,0.00943056377222551,0.08901381075161158
772,2.7377377377377377,0.00034966160876541104,0.009670323868129549,0.08781497154956967
773,2.7477477477477477,0.0005394779106666342,0.00968031387212555,0.08816463298349855
774,2.7577577577577577,0.00034966160876541104,0.00918081367232547,0.0843583185170155
775,2.7677677677677677,0.0002897196186913406,0.008691303476521393,0.08445822178385233
776,2.7777777777777777,0.00022977762861727013,0.008571423428569373,0.08230031122017689
777,2.7877877877877877,0.00030970028204936405,0.008441553376621351,0.08072183960415505
778,2.7977977977977977,0.0003396712770863993,0.008091903236761296,0.07941310680859263
779,2.8078078078078077,0.00021978729693825837,0.007642353056941224,0.07916334864150057
780,2.8178178178178177,0.0003296809454073876,0.007422572969029189,0.07742503179853981
781,2.8278278278278277,0.0003396712770863993,0.007112882845153139,0.07607633769624267
782,2.8378378378378377,0.0002797292870123288,0.007282712913085167,0.07458777902037396
783,2.8478478478478477,0.00023976796029628186,0.006663332665333067,0.0720502360427186
784,2.8578578578578577,0.0002897196186913406,0.006943052777221112,0.07156071003521815
785,2.8678678678678677,0.00023976796029628186,0.006763232705293084,0.07168059395542234
786,2.8778778778778777,0.0002497582919752936,0.006323672529469013,0.0691830122845017
787,2.8878878878878878,0.0001998066335802349,0.006473522589409037,0.06787427948893929
788,2.8978978978978978,0.00016983563854319964,0.00618381247352499,0.06733480184802043
789,2.9079079079079078,0.00023976796029628186,0.005734262293704918,0.06499706540403871
790,2.9179179179179178,0.0002797292870123288,0.005854142341656938,0.06395807142893573
791,2.9279279279279278,0.00016983563854319964,0.005634362253744902,0.06365836162842525
792,2.937937937937938,0.0001598453068641879,0.005234762093904838,0.06243954177301598
793,2.947947947947948,0.00014985497518517617,0.004805191922076769,0.05999191173551375
794,2.957957957957958,0.00020979696525924663,0.005004992001996802,0.059752143895105365
795,2.967967967967968,0.0001598453068641879,0.005434562173824871,0.0582436045658693
796,2.977977977977978,0.00020979696525924663,0.0048651319460527795,0.05689491046357216
797,2.987987987987988,9.990331679011745e-05,0.004645351858140744,0.05487686447346828
798,2.997997997997998,0.0001598453068641879,0.004645351858140744,0.05565610995479552
799,3.0080080080080087,0.00014985497518517617,0.00455544182217673,0.05481692251336619
800,3.0180180180180187,0.0001598453068641879,0.0039160815664326274,0.05287879913673177
801,3.0280280280280287,0.00012987431182715268,0.004365631746252699,0.0514302017675978
802,3.0380380380380387,9.990331679011745e-05,0.004135861654344662,0.04990168178499437
803,3.0480480480480487,3.996132671604698e-05,0.00418581167432467,0.050021565705198556
804,3.0580580580580587,0.00010989364846912918,0.0038161815264726113,0.04849304572259513
805,3.0680680680680688,0.00014985497518517617,0.0036863114745245905,0.04740410011407373
806,3.0780780780780788,9.990331679011745e-05,0.003476521390608557,0.04659488365269544
807,3.0880880880880888,0.00010989364846912918,0.00349650139860056,0.045326112163867754
808,3.0980980980980988,7.992265343209395e-05,0.0033066913226765297,0.0450164120366736
809,3.108108108108109,4.9951658395058725e-05,0.0032567413026965216,0.04439701178228528
810,3.118118118118119,0.0001598453068641879,0.0034165813666325474,0.04324812421366179
811,3.128128128128129,9.990331679011745e-05,0.0028871111548444623,0.041140165283404764
812,3.138138138138139,9.990331679011745e-05,0.002897101158840464,0.040670619929271686
813,3.148148148148149,2.9970995037035233e-05,0.0026073910429564176,0.039681577587587114
814,3.158158158158159,9.990331679011745e-05,0.003086911234764494,0.039132109619984576
815,3.168168168168169,5.9941990074070465e-05,0.0025774210309684126,0.03894229341299461
816,3.178178178178179,8.99129851111057e-05,0.002457540983016394,0.03742376375707485
817,3.188188188188189,6.99323217530822e-05,0.0027372610949044384,0.03697419905630914
818,3.198198198198199,4.9951658395058725e-05,0.002347650939060376,0.03641474076202292
819,3.208208208208209,0.00010989364846912918,0.002567431026972411,0.03446662705870482
820,3.218218218218219,5.9941990074070465e-05,0.002297700919080368,0.03599514704130825
821,3.228228228228229,1.998066335802349e-05,0.002397600959040384,0.034226859218296435
822,3.238238238238239,5.9941990074070465e-05,0.002197800879120352,0.03194906473441681
823,3.248248248248249,3.996132671604698e-05,0.0022577409030963614,0.03091007075931383
824,3.258258258258259,7.992265343209395e-05,0.001978020791208317,0.031059925659569068
825,3.268268268268269,3.996132671604698e-05,0.0016883106753242704,0.031249741866559037
826,3.278278278278279,8.99129851111057e-05,0.002197800879120352,0.030550418998701256
827,3.288288288288289,3.996132671604698e-05,0.001698300679320272,0.029481454043547222
828,3.298298298298299,3.996132671604698e-05,0.0018881107552443023,0.02844246006844424
829,3.308308308308309,4.9951658395058725e-05,0.0017882107152842864,0.027922963080892746
830,3.318318318318319,2.9970995037035233e-05,0.0017182806873122752,0.02689395943247344
831,3.328328328328329,9.990331679011744e-06,0.0016283706513482608,0.02572509121048258
832,3.338338338338339,3.996132671604698e-05,0.0015884106353642544,0.026374462444921948
833,3.348348348348349,5.9941990074070465e-05,0.0015384606153842463,0.02552528467680893
834,3.358358358358359,2.9970995037035233e-05,0.0015784206313682527,0.025295507163084232
835,3.368368368368369,9.990331679011744e-06,0.0013186805274722111,0.02435641645481807
836,3.378378378378379,1.998066335802349e-05,0.0011088904435561776,0.02407668730767496
837,3.388388388388389,2.9970995037035233e-05,0.0013786205514482207,0.02317755790614353
838,3.398398398398399,2.9970995037035233e-05,0.0010789204315681728,0.02297775137246988
839,3.408408408408409,5.9941990074070465e-05,0.0014585405834162336,0.022468244711602067
840,3.418418418418419,9.990331679011744e-06,0.0010889104355641744,0.021589095963438006
841,3.428428428428429,9.990331679011744e-06,0.001048950419580168,0.02114952158935597
842,3.438438438438439,1.998066335802349e-05,0.0012587405034962015,0.02044020839481451
843,3.448448448448449,9.990331679011744e-06,0.000799200319680128,0.020070566307518255
844,3.458458458458459,1.998066335802349e-05,0.0011388604555441825,0.02020044055440613
845,3.468468468468469,2.9970995037035233e-05,0.00099900039960016,0.018781814165323204
846,3.478478478478479,1.998066335802349e-05,0.0008791203516481408,0.018342239791241173
847,3.488488488488489,1.998066335802349e-05,0.0008091903236761296,0.018432152731394317
848,3.498498498498499,1.998066335802349e-05,0.0009090903636361456,0.017572984636597615
849,3.508508508508509,9.990331679011744e-06,0.0008291703316681328,0.017413139409658697
850,3.518518518518519,0.0,0.000799200319680128,0.01723331352935241
851,3.528528528528529,0.0,0.0008291703316681328,0.015934571060473676
852,3.538538538538539,9.990331679011744e-06,0.0006693302677321072,0.01641410674129044
853,3.548548548548549,0.0,0.0007092902837161135,0.016154358247514693
854,3.558558558558559,0.0,0.0006693302677321072,0.015614880606595835
855,3.568568568568569,0.0,0.0007892103156841263,0.014725741531748087
856,3.578578578578579,0.0,0.0006793202717281088,0.014176273564145548
857,3.588588588588589,9.990331679011744e-06,0.0007292702917081168,0.014595867284860214
858,3.598598598598599,0.0,0.000649350259740104,0.014126321930727135
859,3.608608608608609,9.990331679011744e-06,0.0005594402237760896,0.01375667984343088
860,3.618618618618619,0.0,0.0006093902437560976,0.0124279663945011
861,3.628628628628629,0.0,0.0004795201918080768,0.012068314633888529
862,3.638638638638639,0.0,0.0005394602157840864,0.01226812116756218
863,3.648648648648649,0.0,0.00049950019980008,0.012687714888276847
864,3.658658658658659,9.990331679011744e-06,0.0004095901638360656,0.011908469406949607
865,3.668668668668669,0.0,0.0005194802077920832,0.011149204578989732
866,3.678678678678679,1.998066335802349e-05,0.00049950019980008,0.010849494778479256
867,3.688688688688689,9.990331679011744e-06,0.0004295701718280688,0.010849494778479256
868,3.698698698698699,9.990331679011744e-06,0.0004095901638360656,0.010559775304652462
869,3.708708708708709,0.0,0.0003396601358640544,0.010300026810876715
870,3.718718718718719,0.0,0.0004295701718280688,0.0100802396238357
871,3.728728728728729,9.990331679011744e-06,0.000399600159840064,0.009990326683682556
872,3.738738738738739,9.990331679011744e-06,0.0003596401438560576,0.009760549169957857
873,3.748748748748749,9.990331679011744e-06,0.000349650139860056,0.00926103283577373
874,3.758758758758759,0.0,0.000299700119880048,0.009360936102610556
875,3.768768768768769,9.990331679011744e-06,0.0003296701318680528,0.008691584214803824
876,3.778778778778779,0.0,0.0003396601358640544,0.008271990494089157
877,3.788788788788789,0.0,0.0003096901238760496,0.007922329060160266
878,3.7987987987987992,0.0,0.000299700119880048,0.007922329060160266
879,3.8088088088088092,9.990331679011744e-06,0.0002297700919080368,0.0076625805663845204
880,3.8188188188188192,0.0,0.0002397600959040384,0.0074827546860782345
881,3.8288288288288292,9.990331679011744e-06,0.0004695301878120752,0.007762483833221346
882,3.8388388388388393,0.0,0.0002397600959040384,0.007173054558884075
883,3.8488488488488493,0.0,0.0002697301078920432,0.007322909459139314
884,3.8588588588588593,0.0,0.000299700119880048,0.0069432770451593765
885,3.8688688688688693,9.990331679011744e-06,0.0002697301078920432,0.006563644631179439
886,3.8788788788788793,0.0,0.0002697301078920432,0.006913306065108329
887,3.8888888888888893,9.990331679011744e-06,0.0001798200719280288,0.006573634957863122
888,3.8988988988988993,0.0,0.0001698300679320272,0.005764418496484835
889,3.9089089089089093,0.0,0.0001598400639360256,0.0057843991498522
890,3.9189189189189193,9.990331679011744e-06,0.000149850059940024,0.006363838097505788
891,3.9289289289289293,0.0,0.000199800079920032,0.00539477640918858
892,3.9389389389389393,0.0,0.0001798200719280288,0.005544631309443819
893,3.9489489489489493,0.0,0.0001598400639360256,0.005174989222147564
894,3.9589589589589593,9.990331679011744e-06,0.0001198800479520192,0.0054347377159233105
895,3.9689689689689693,1.998066335802349e-05,0.0001198800479520192,0.004855298768269722
896,3.9789789789789793,0.0,0.0001198800479520192,0.004785366481483945
897,3.9889889889889893,0.0,0.0001398600559440224,0.004765385828116579
898,3.9989989989989994,0.0,0.0001198800479520192,0.0042958404739835
899,4.009009009009009,0.0,0.0001798200719280288,0.004375763087452959
900,4.019019019019019,0.0,5.99400239760096e-05,0.004006121000156705
901,4.029029029029029,0.0,0.0001198800479520192,0.004086043613626166
902,4.039039039039039,9.990331679011744e-06,0.0001098900439560176,0.004096033940309848
903,4.049049049049049,0.0,0.0001298700519480208,0.003846275773217784
904,4.059059059059059,0.0,0.0001298700519480208,0.003436672379186799
905,4.069069069069069,0.0,5.99400239760096e-05,0.003966159693421975
906,4.079079079079079,0.0,0.0001298700519480208,0.00355655629939099
907,4.089089089089089,0.0,3.99600159840064e-05,0.0031269722519926403
908,4.099099099099099,0.0,7.99200319680128e-05,0.003256846498880513
909,4.109109109109109,0.0,0.0001198800479520192,0.0033167884589826086
910,4.119119119119119,0.0,7.99200319680128e-05,0.002947146371686354
911,4.129129129129129,0.0,6.99300279720112e-05,0.00316693355872737
912,4.1391391391391394,0.0,8.99100359640144e-05,0.0027573301646963855
913,4.1491491491491495,0.0,3.99600159840064e-05,0.0031169819253089575
914,4.1591591591591595,0.0,3.99600159840064e-05,0.002877214084900576
915,4.1691691691691695,0.0,0.0001398600559440224,0.0027173688579616552
916,4.1791791791791795,0.0,9.9900039960016e-05,0.0028272624514821634
917,4.1891891891891895,0.0,7.99200319680128e-05,0.002317755790614353
918,4.1991991991991995,0.0,6.99300279720112e-05,0.0023677074240327656
919,4.2092092092092095,0.0,4.9950019980008e-05,0.0024176590574511788
920,4.2192192192192195,0.0,5.99400239760096e-05,0.002517562324288004
921,4.2292292292292295,0.0,1.99800079920032e-05,0.0022578138305122575
922,4.2392392392392395,0.0,2.99700119880048e-05,0.002247823503828575
923,4.2492492492492495,0.0,4.9950019980008e-05,0.002247823503828575
924,4.2592592592592595,0.0,1.99800079920032e-05,0.0022777944838796227
925,4.2692692692692695,0.0,9.9900039960016e-06,0.0018482104364812729
926,4.2792792792792795,0.0,6.99300279720112e-05,0.0018582007631649554
927,4.2892892892892895,0.0,4.9950019980008e-05,0.0019481137033180984
928,4.2992992992992995,0.0,2.99700119880048e-05,0.0019181427232670507
929,4.3093093093093096,0.0,9.9900039960016e-06,0.0015584909626544787
930,4.31931931931932,0.0,9.9900039960016e-06,0.0015485006359707962
931,4.32932932932933,0.0,4.9950019980008e-05,0.0014286167157666054
932,4.33933933933934,0.0,3.99600159840064e-05,0.0015485006359707962
933,4.34934934934935,0.0,3.99600159840064e-05,0.0013586844289808276
934,4.35935935935936,0.0,4.9950019980008e-05,0.0014785683491850183
935,4.36936936936937,0.0,6.99300279720112e-05,0.0014985490025523835
936,4.37937937937938,0.0,0.0,0.001218819855409272
937,4.38938938938939,0.0,1.99800079920032e-05,0.0015485006359707962
938,4.3993993993994,0.0,9.9900039960016e-06,0.0011988392020419068
939,4.40940940940941,0.0,2.99700119880048e-05,0.0010989359352050812
940,4.41941941941942,0.0,9.9900039960016e-06,0.0011189165885724464
941,4.42942942942943,0.0,0.0,0.001168868221990859
942,4.43943943943944,0.0,0.0,0.0011289069152561287
943,4.44944944944945,0.0,1.99800079920032e-05,0.000989042341684573
944,4.45945945945946,0.0,2.99700119880048e-05,0.0009590713616335254
945,4.46946946946947,0.0,0.0,0.0009490810349498429
946,4.47947947947948,0.0,2.99700119880048e-05,0.0011089262618887638
947,4.48948948948949,0.0,1.99800079920032e-05,0.0008891390748477475
948,4.4994994994995,0.0,1.99800079920032e-05,0.0008891390748477475
949,4.50950950950951,0.0,9.9900039960016e-06,0.0008991294015314301
950,4.51951951951952,0.0,2.99700119880048e-05,0.000809216461378287
951,4.52952952952953,0.0,1.99800079920032e-05,0.0008291971147456522
952,4.53953953953954,0.0,2.99700119880048e-05,0.0007492745012761917
953,4.54954954954955,0.0,9.9900039960016e-06,0.000719303521225144
954,4.55955955955956,0.0,9.9900039960016e-06,0.000809216461378287
955,4.56956956956957,0.0,9.9900039960016e-06,0.0007592648279598742
956,4.57957957957958,0.0,0.0,0.0007492745012761917
957,4.58958958958959,0.0,9.9900039960016e-06,0.0007093131945414614
958,4.5995995995996,0.0,1.99800079920032e-05,0.0006194002543883184
959,4.60960960960961,0.0,2.99700119880048e-05,0.000629390581072001
960,4.61961961961962,0.0,1.99800079920032e-05,0.0004595550274493976
961,4.62962962962963,0.0,9.9900039960016e-06,0.0005694486209699057
962,4.63963963963964,0.0,9.9900039960016e-06,0.0006194002543883184
963,4.64964964964965,0.0,9.9900039960016e-06,0.000609409927704636
964,4.65965965965966,0.0,1.99800079920032e-05,0.0005994196010209534
965,4.66966966966967,0.0,0.0,0.0003696420872962546
966,4.67967967967968,0.0,9.9900039960016e-06,0.0003296807805615244
967,4.68968968968969,0.0,0.0,0.0004795356808167627
968,4.6996996996997,0.0,0.0,0.0004795356808167627
969,4.70970970970971,0.0,0.0,0.0004595550274493976
970,4.71971971971972,0.0,0.0,0.0003696420872962546
971,4.72972972972973,0.0,9.9900039960016e-06,0.0004995163341841278
972,4.73973973973974,0.0,0.0,0.0005095066608678104
973,4.74974974974975,0.0,9.9900039960016e-06,0.00041959372071466737
974,4.75975975975976,0.0,0.0,0.0003496614339288895
975,4.76976976976977,0.0,0.0,0.0003196904538778418
976,4.77977977977978,0.0,0.0,0.00025974849377574644
977,4.78978978978979,0.0,0.0,0.000269738820459429
978,4.7997997997998,0.0,9.9900039960016e-06,0.00020979686035733368
979,4.80980980980981,0.0,0.0,0.0002997098005104767
980,4.81981981981982,0.0,0.0,0.0002497581670920639
981,4.82982982982983,0.0,0.0,0.0002997098005104767
982,4.83983983983984,0.0,0.0,0.00018981620698996855
983,4.84984984984985,0.0,0.0,0.00019980653367365113
984,4.85985985985986,0.0,9.9900039960016e-06,0.0002297775137246988
985,4.86986986986987,0.0,9.9900039960016e-06,0.00023976784040838134
986,4.87987987987988,0.0,0.0,0.00025974849377574644
987,4.88988988988989,0.0,0.0,0.00023976784040838134
988,4.8998998998999,0.0,0.0,0.00025974849377574644
989,4.90990990990991,0.0,0.0,0.00012987424688787322
990,4.91991991991992,0.0,0.0,0.00020979686035733368
991,4.92992992992993,0.0,0.0,0.00020979686035733368
992,4.93993993993994,0.0,0.0,0.00023976784040838134
993,4.94994994994995,0.0,0.0,0.0001398645735715558
994,4.95995995995996,0.0,0.0,0.0001598452269389209
995,4.96996996996997,0.0,0.0,0.0001398645735715558
996,4.97997997997998,0.0,0.0,0.00012987424688787322
997,4.98998998998999,0.0,0.0,7.992261346946045e-05
998,5.0,0.0,0.0,0.00012987424688787322
